{"cameraMode":{"drawMode":0,"name":"Shaded","section":"Shading Mode"},"sceneLighting":false,"audioPlay":false,"sceneViewState":{"showFog":false,"showMaterialUpdate":false,"showSkybox":false,"showFlares":false,"showImageEffects":false,"showParticleSystems":false},"in2DMode":false,"pivot":{"x":1.617430329322815,"y":1.743685245513916,"z":-0.19685883820056916},"rotation":{"x":0.28549724817276,"y":0.6076134443283081,"z":-0.24816447496414185,"w":0.6985094547271729},"size":1.2512587308883668,"orthographic":true}