{"cameraMode":{"drawMode":0,"name":"Shaded","section":"Shading Mode"},"sceneLighting":false,"audioPlay":false,"sceneViewState":{"showFog":false,"showMaterialUpdate":false,"showSkybox":false,"showFlares":false,"showImageEffects":false,"showParticleSystems":false},"in2DMode":false,"pivot":{"x":-0.5652287006378174,"y":1.1830220222473145,"z":0.06774149090051651},"rotation":{"x":0.04349522292613983,"y":0.5724822282791138,"z":-0.030421745032072068,"w":0.8182218670845032},"size":1.297530174255371,"orthographic":true}