{"cameraMode":{"drawMode":0,"name":"Shaded","section":"Shading Mode"},"sceneLighting":false,"audioPlay":false,"sceneViewState":{"showFog":false,"showMaterialUpdate":false,"showSkybox":false,"showFlares":false,"showImageEffects":false,"showParticleSystems":false},"in2DMode":false,"pivot":{"x":-0.664843738079071,"y":1.4147224426269532,"z":0.4934602677822113},"rotation":{"x":0.048407286405563357,"y":0.7163227796554565,"z":-0.04993492737412453,"w":0.6943103075027466},"size":2.0681815147399904,"orthographic":true}