{"cameraMode":{"drawMode":0,"name":"Shaded","section":"Shading Mode"},"sceneLighting":false,"audioPlay":false,"sceneViewState":{"showFog":false,"showMaterialUpdate":false,"showSkybox":false,"showFlares":false,"showImageEffects":false,"showParticleSystems":false},"in2DMode":false,"pivot":{"x":-1.0035771131515504,"y":1.7448303699493409,"z":-0.14928805828094483},"rotation":{"x":-0.0756828561425209,"y":-0.6482909321784973,"z":0.06495245546102524,"w":-0.754902184009552},"size":3.1319499015808107,"orthographic":true}