{"cameraMode":{"drawMode":0,"name":"Shaded","section":"Shading Mode"},"sceneLighting":false,"audioPlay":false,"sceneViewState":{"showFog":false,"showMaterialUpdate":false,"showSkybox":false,"showFlares":false,"showImageEffects":false,"showParticleSystems":false},"in2DMode":false,"pivot":{"x":1.9344367980957032,"y":0.7986190319061279,"z":0.21282009780406953},"rotation":{"x":0.06366356462240219,"y":0.7215031981468201,"z":-0.06678692996501923,"w":0.68634432554245},"size":1.5020887851715088,"orthographic":true}