{"cameraMode":{"drawMode":0,"name":"Shaded","section":"Shading Mode"},"sceneLighting":false,"audioPlay":false,"sceneViewState":{"showFog":false,"showMaterialUpdate":false,"showSkybox":false,"showFlares":false,"showImageEffects":false,"showParticleSystems":false},"in2DMode":false,"pivot":{"x":-0.664843738079071,"y":1.4147224426269532,"z":0.4934602677822113},"rotation":{"x":0.033526964485645297,"y":0.701441764831543,"z":-0.03306012600660324,"w":0.7111846804618836},"size":2.07658314704895,"orthographic":true}